Area code,Area name,2004,2005,2006,2007,2008,2009,2010,2011,2012,2013,2014,2015,2016,2017,2018,2019,2020,2021,2022,2023
E06000001,Hartlepool,63,64.7,64.6,63.9,65.2,60.4,61.6,58.4,59.2,61.6,62.6,64.2,64.4,62.3,63.9,67.6,66.9,68.6,68.2,67.9
E06000002,Middlesbrough,63.6,65.2,65.6,65.4,62.5,62.2,59,55.5,58.6,60.3,61.5,63.5,65.6,64.1,63.2,62.9,65,65.3,65.9,64.4
E06000003,Redcar and Cleveland,69.1,66.6,68.7,67.8,64.4,62.8,62.1,60.7,64.3,65.3,67.5,67.7,68.2,68.5,69,67.4,68.3,65.9,69.8,74.3
E06000004,Stockton-on-Tees,70.6,72.3,70.9,70.2,68.2,68.9,70.1,70.3,68.4,70.9,70.4,73.5,70.8,71.9,70,71.3,74.4,71.6,73.7,74.1
E06000005,Darlington,74.2,72.8,73.5,71.9,72.1,68.5,70.8,67.8,68.5,72.9,71.9,72.5,74.8,74.4,75.6,74.2,74,76.5,76.6,81.2
E06000006,Halton,64.6,70.9,66.9,68.8,68.1,64.9,67.4,68.5,67.4,67.5,69.2,75.3,71.9,74.9,73.3,77.6,73,75.9,77.8,69.5
E06000007,Warrington,75.8,76.2,76.8,74.1,75.9,74.4,76.6,74.4,76.9,78.2,77.9,77.9,76.2,77.4,76,80.4,80.4,79.5,77.7,80.2
E06000008,Blackburn with Darwen,68.7,66.6,65.2,66.3,64.6,64.1,62.6,60.6,62.9,63.5,63.8,64.8,65.6,64.4,66.9,68,67.2,67.2,69.2,67.6
E06000009,Blackpool,68.8,69.1,68.4,66.3,69.4,68.6,67.7,66.6,68.1,68.1,64.9,72,71.1,72.3,70.1,72.8,72.5,70.7,72.2,69.7
E06000010,Kingston upon Hull,68.6,65.9,64.6,64.6,60.8,61.1,62.4,62.5,60.6,63.1,64.8,67,68.5,69.5,73,71.1,73.6,71,70.3,73.2
E06000011,East Riding of Yorkshire,74,76,76,76.9,74.4,74.7,73.6,73.8,73.6,73.2,76.6,76.3,77.5,77.8,77.1,78.9,74.7,77.5,77.6,77.3
E06000012,North East Lincolnshire,71.2,70.6,71.5,71.6,70.5,68.8,70,67.2,68.1,68.3,69.4,71,71.1,69.9,72.8,70.8,72.6,72.5,71.7,73.5
E06000013,North Lincolnshire,73.4,73.9,74.5,74,73.1,70.6,71.3,72.7,71.9,74.2,73.9,71.7,72.6,74.9,70.6,72.3,73,71.7,78.3,75
E06000014,York,78.1,77.2,76.6,75.2,76.5,72.8,70.9,74.5,78,72.9,72.8,76.4,78.1,74.9,79.3,79.2,77.9,80.5,85.5,79.4
E06000015,Derby,68.6,68.6,69.7,70.3,72,71.8,68.6,69.7,70.2,70.8,72.8,73.2,74.2,71.3,74.2,74.2,75.1,73.7,74.5,79.8
E06000016,Leicester,64,63.8,67.8,66.7,62.3,63.1,62.4,60.8,62.5,62.1,63.7,62.5,62.8,66.8,66.7,71.1,72.2,63.7,69.7,65.1
E06000017,Rutland,76.2,77.9,77.1,78.5,74.6,75.4,77.4,78.9,75.9,78.6,79.9,76.6,79.5,81.1,77.4,77.1,71.4,75.2,78.7,80.3
E06000018,Nottingham,62.8,64.2,64,62.5,63.9,57.1,55.4,59,59.5,58.1,62.8,64.2,62.6,57.4,63.3,63.9,71.7,71.7,63.7,66.1
E06000019,Herefordshire,79.4,75.4,78.3,75,75.8,76.5,75.1,72.6,72.7,73.9,76.7,77.9,75.8,78.7,81.1,83,78,77.9,75.3,80.5
E06000020,Telford and Wrekin,73.8,76.2,72.9,70.8,74.2,69.1,68.8,68.8,68.6,71.6,72,73.3,76,72.9,72.7,76.8,73.7,73.1,74.7,74.6
E06000021,Stoke-on-Trent,67.4,67.4,68.2,68.4,67.1,65,65.8,66.2,65.4,65.9,68.5,68.2,71.7,70.3,68.8,72.5,75.4,76.5,71.9,75
E06000022,Bath and North East Somerset,76,78.7,72.5,75,76,72.6,71.3,70.1,73.8,73.8,73.3,76.4,76.1,76.7,79.9,77.5,82,78.8,74.6,78
E06000023,Bristol,73.4,73.1,74.5,72.4,72.8,72.1,74.3,71.1,70.8,70.2,70.9,76.2,75.6,78.2,77.1,76.7,77.2,78,78.5,76.1
E06000024,North Somerset,75.3,76.1,79.7,80.7,79.7,75.6,77.3,75.7,71.5,75.5,75.9,78.7,79.4,80.5,80.6,80.7,81.3,81.5,81.4,79.9
E06000025,South Gloucestershire,82.3,82,81.9,80.8,82.1,79.8,79.6,76.7,78.5,77.3,81.3,79.9,79,79.4,81.1,82.2,81.8,81.5,84.3,85
E06000026,Plymouth,72.4,70.6,71.2,71.7,71.3,71.4,69.4,69.8,70.3,70.1,72.7,73.6,73.8,74.7,75.8,74,75.7,75.4,73.6,72.9
E06000027,Torbay,69.7,70.4,72.7,72.5,71.7,70.3,67.8,68.4,70.5,70.2,71.1,75.2,74.7,75.7,75,74.9,72.1,75.2,76,74.1
E06000030,Swindon,78.5,78.3,78.9,82.7,78.2,77.3,76.7,73.4,72.9,75.9,77.2,77.3,80.3,79.7,79.2,80.1,79.2,75.1,74.5,80.3
E06000031,Peterborough,75.8,73.8,73.2,72.5,72.5,69.7,68.3,70.2,69.2,74.3,74.4,74.8,74.7,72.4,74.8,74.7,74.6,74.8,79.3,80
E06000032,Luton,71,67,67.9,65.9,66.8,66.1,68,64.6,64.7,68.7,66.4,67.8,67.3,71.6,71.4,70.4,70.5,69.9,67.5,70.5
E06000033,Southend-on-Sea,75.4,73.6,73.6,73.8,73.1,72.2,72.4,69.6,71,71.3,70.9,75.6,76.1,76.9,80.4,77.3,78.9,78.9,75.7,75.6
E06000034,Thurrock,76.3,74.9,73.5,75.4,73.5,71.8,70.6,70,70.6,75.3,73.4,72.8,72.7,75,75.9,77.1,76.8,76.5,78.1,78.1
E06000035,Medway,73.6,74,74.7,75.9,72.7,67.9,68.4,69.5,70.6,68.5,71.1,69.8,74.8,76.8,77.8,77.9,74.8,77.8,81.2,76.9
E06000036,Bracknell Forest,81.6,81.8,81.3,82,83.8,80.2,81.3,79.3,77.6,83.1,80,83.2,83.3,83,85,84.1,80,77.4,78,80.3
E06000037,West Berkshire,79.7,80.8,81.4,82.5,82.4,79.7,81.8,77.8,78.3,80.9,82.1,83.1,81.3,81.4,82.2,83.5,82.4,84.6,80.3,81.6
E06000038,Reading,75.8,76,78.4,76.4,76.2,75.2,71.9,74.1,73.3,73.9,73.8,73.2,76,77.6,77.1,79.2,81.1,80.9,78.6,86.1
E06000039,Slough,73.2,74.3,74,71.5,72,71.5,69,68,68.9,69.6,71.1,74.9,74.3,75.8,74.5,75.1,69.3,70.5,74.5,80.7
E06000040,Windsor and Maidenhead,77.4,80,77.5,78.5,78.2,77.3,75.2,76.8,77.9,78.3,79.4,79.8,80.2,82.2,80.9,81.2,78.5,77.6,82.5,82.3
E06000041,Wokingham,80.2,80,79.2,82,78.4,76.7,79,76.3,80.1,79.5,77.8,78.6,78.8,79.6,80.7,81.1,76.9,80.6,83,78.6
E06000042,Milton Keynes,79.5,79.9,76.9,79.9,78.9,74.6,73.4,74.8,73.7,73.4,73.6,77.1,76,77.2,74,78.3,80.3,80.7,81.9,76
E06000043,Brighton and Hove,75.1,71.6,73.5,72.7,72.7,71.3,71.2,69.7,71.4,71.9,73.6,71.6,74.6,73.1,71.5,76.2,75.1,77.6,76.1,75.7
E06000044,Portsmouth,72.1,74.8,74.5,71.6,72.8,70.7,71.9,70.7,72.1,71.9,69.7,70.6,72.4,73.7,74,70.8,74.5,76.1,74.1,80.4
E06000045,Southampton,73.4,69.2,69.5,71.6,73.5,69,67.8,70.4,68.2,69.7,69.2,76.2,71.4,73.9,73.5,75,76.9,74.2,76.1,75.9
E06000046,Isle of Wight,74,74.5,73.1,70.4,69.5,65.3,63.5,64.8,68.9,71,70.3,72.2,74.4,72.6,72.7,73.8,73.2,66.6,65.1,72.6
E06000047,County Durham,67.1,68,70,71.5,69.8,66.6,66.2,67,64.8,65.7,68.6,67.3,70.9,71.3,74.6,71.2,71.3,71.1,72.2,74.5
E06000049,Cheshire East,77.3,75,77.9,77.6,75,72.8,73.4,74.3,74.8,71,75.4,75,76.4,75.9,77.5,80.9,76.3,72.4,78.9,83.3
E06000050,Cheshire West and Chester,74.8,76.5,72.2,74.6,75.2,72.7,74.6,72.6,72.7,73.9,74,73.6,72.7,73.6,76.6,76.9,81.4,76.6,72.5,76.5
E06000051,Shropshire,76.8,77.7,75.5,75.7,75.3,75.4,76.8,74.9,75.6,77.7,77.9,80.2,79.6,77.9,82.3,80.7,77.4,75.1,79.6,78.8
E06000052,Cornwall,71.8,72.1,72.4,71,71.1,69.5,68.9,71.1,68.8,70.3,74.3,74.3,77.1,76.5,74.9,77.4,75.6,73.8,77.6,76.1
E06000053,Isles of Scilly,,,,,,,,,,,,,,,,,,,,
E06000054,Wiltshire,78.5,78,79.3,76.7,77.3,80.4,77.1,76,74.4,75,79,79.2,80,82.1,79.7,78.8,78.1,81.3,81.6,80.4
E06000055,Bedford,77.3,78.6,76.4,77.4,72.3,74.1,75.2,75.6,76.8,75.3,79.2,78.8,78.7,81.1,80.1,76.9,84.5,73.2,75.7,81
E06000056,Central Bedfordshire,81,77.7,75,79.2,81.3,76.8,76.9,77.1,74,75.3,81.6,79.6,78.3,82.8,81.9,80.8,80.7,80.7,81,83.8
E06000057,Northumberland,71.4,73.6,71.2,72.6,72.5,70.1,69.2,68.5,73.3,73.9,72.8,74,72.1,73,71.8,72.3,71.8,69.8,70.5,70.8
E06000058, Bournemouth Christchurch and Poole,75.7,75.3,75,75.6,74.7,72,73.6,73.1,72.3,75.7,72.8,74.8,76.1,76.6,77.2,81,76.9,76.9,77.7,77.6
E06000059,Dorset,77,75.4,75.6,77.3,76.1,72.4,73.4,74.8,78.1,79.5,80,78.1,74.9,79.2,77.7,75.8,77,75.2,76.7,80.3
E06000060,Buckinghamshire,79.4,80.2,77.8,76.6,77.6,76.6,75.4,75.8,76.4,76.3,78.6,79.5,81.2,81.7,80.5,79.3,77.7,77.6,81.6,81.2
E06000061,North Northamptonshire,78.2,78.2,77.9,80.5,75.5,76.4,77.4,80.3,77.2,74.2,78.5,77.8,77.2,77.6,77.5,81.6,81.7,77.4,73.7,80.5
E06000062,West Northamptonshire,79,77.6,79.4,78.9,78.7,75.4,74.7,73.6,75.6,77.3,78.3,79.8,80.6,75.7,79.3,80.8,77.6,75.9,81.7,77.9
E07000008,Cambridge,74.2,71.9,71.2,69.1,66.5,74.3,73.9,72,75.6,73.8,78.6,77.9,77.2,73.2,75.7,80.6,78.5,80.4,78.2,76.3
E07000009,East Cambridgeshire,79.2,80.3,80.8,72.8,88.1,80.3,81.3,78.1,75.3,79.9,74.1,79.8,75.4,79.6,81.8,86,83.7,83.4,86.1,81.8
E07000010,Fenland,76.5,72.3,69.1,74.8,70.6,71,66.8,63.6,60.9,74.2,78.1,75.9,73.9,79.9,76.3,69.8,71.5,74.7,75.3,67.8
E07000011,Huntingdonshire,81,81.6,79.8,79.1,77.8,75.2,74.1,74.8,79,81,83.9,83.1,80.2,79.8,82.4,79.3,77.2,77.6,82.8,85.6
E07000012,South Cambridgeshire,83.3,83,80.1,79.6,80.4,80.1,77.8,82.7,79.3,76.4,79.5,82.8,82.8,84.1,85.1,82.4,77.4,81.5,79.4,80.3
E07000026,Allerdale,70.2,74.2,71.2,78.5,74.7,71.2,75.5,68.2,73.1,75.4,73.7,80.2,82.8,77.1,79.5,83.7,79.9,74.8,77.7,84.5
E07000027,Barrow-in-Furness,68,67.1,68.4,66.9,80.9,74.3,69.1,65.3,66.4,63.2,70.6,69.4,66.1,75.7,75.8,63.3,68.3,65.6,65.1,72.9
E07000028,Carlisle,73.8,75.1,74.2,81.4,72.8,74.2,74.4,79,75.5,70.7,76.7,78.9,67.8,74.6,79.2,79.2,76.8,84,81,84.2
E07000029,Copeland,70.6,68.2,75.3,66.1,68.4,70.8,68.4,68.8,72.4,74.6,72.7,72.6,68.8,73,75.5,70.7,71.1,70.5,73.6,76.4
E07000030,Eden,78.9,82.6,84.2,74.2,81.6,78.6,74.6,75.6,80.3,81.1,83.4,85.4,87.1,81.8,82,89.2,88.1,70.4,75.8,91.2
E07000031,South Lakeland,78.6,75.3,73.4,73.1,78.8,78.2,76.3,78.5,80.3,81.5,74.3,80.8,83.1,86.5,82.9,83.4,79.1,80.9,81.9,83.4
E07000032,Amber Valley,76.5,78.2,77.6,75.4,77.8,74.5,73.6,68.7,75,77.8,77.2,71.9,81,80.7,83.5,84.2,79.5,74.3,74,78
E07000033,Bolsover,65.5,67.2,68.2,69.3,71.5,72.5,69.1,75,71.6,73.9,64.1,73.5,74.9,73.5,77.7,75.4,67.1,72.3,74.1,71
E07000034,Chesterfield,70.2,74.8,74.1,71.3,72.9,70.7,69,70.7,71.5,71.6,75,72.1,72.5,66.7,72,66.6,71.7,73.4,80.8,69.9
E07000035,Derbyshire Dales,77.4,80.3,74,66.9,79,72.8,79.2,77.9,68.6,77.4,76.7,84.4,81.1,79.4,84,79.4,77.9,68.7,68.7,80.5
E07000036,Erewash,79.7,75.6,74.5,78.1,77.3,75,74.1,68.6,81.8,74,76.1,80.9,86.8,79.9,78.3,83,83.5,74.7,75.2,80.1
E07000037,High Peak,74.8,74.8,76.1,76.5,78,83.6,73,71.9,70.4,76.5,73.1,79,74.3,81.8,75.2,70.9,75.5,75.1,80,74.8
E07000038,North East Derbyshire,72.2,73.1,78.2,67.8,71.7,73.7,65,68.4,72,74.7,78.5,77.3,77.5,81.3,78,78.2,76.3,83.6,73.8,68.4
E07000039,South Derbyshire,78.8,79.6,79.4,76.1,78.3,79.5,77.3,76.2,71.4,79.1,81.1,73.8,80,79.2,82.4,87.8,78.4,80.8,76.2,81.5
E07000040,East Devon,75.6,74.7,75,77.1,80.7,76.9,69.9,69.9,75.5,77.1,78,80.4,76.1,80.1,82.9,81.9,86.9,71.9,76,77.5
E07000041,Exeter,72.6,76.6,69,69.2,74.1,76.6,80,75.7,74.3,72.3,79.9,82.1,66.4,79.9,73.6,77.5,76.2,77.4,70.4,78.8
E07000042,Mid Devon,79.5,78.1,77.6,78.3,78.6,77.8,70.6,73.2,73.2,78.7,78.6,81.8,82.8,85.1,83.6,84.1,81.8,78.2,76.1,83.2
E07000043,North Devon,76.8,75.9,77.5,78.1,78.2,74.3,74.6,79.6,79.7,71.4,72.7,78.9,67.6,84.2,86.6,82.7,81.2,87.3,81.3,78
E07000044,South Hams,74.7,77.6,81.9,81.2,74.9,74.3,73.9,79.1,79.1,77.9,70.5,71,77,81.8,79.1,78.7,76.2,78.8,77.3,81.9
E07000045,Teignbridge,78.4,79.5,80.5,78.8,83.7,75.7,73.7,70.1,75.1,78.6,80.7,81.7,76.6,81.8,80.8,78.7,78.3,73.3,79,77.7
E07000046,Torridge,74.1,70.8,66.8,66.5,70.1,71.8,68.5,66.1,67.7,72.3,74.5,61,71,76.3,76.1,90.9,77.4,79,84.8,79.4
E07000047,West Devon,74.6,75.7,75.6,80.8,80,75.7,65.6,70.6,78.2,82,73.1,80.4,76,76.6,74.2,82.1,72.3,66.6,79.4,83.5
E07000061,Eastbourne,72.8,73.9,74.6,74.5,74.2,68.7,78.2,75.6,73.4,78.1,75.5,71.3,72.6,69.9,74.7,74.5,73.9,73.1,74.5,74.8
E07000062,Hastings,71.3,70.9,72.5,71.6,68,78.5,67.4,65.2,65.9,65.6,70.8,67.7,62.6,68.9,67.9,79,72.9,75.8,78.5,77.4
E07000063,Lewes,77.1,76.9,71.8,78.4,76.1,73.9,77.4,77,74.1,74.1,74.6,74.9,81.3,86.3,75.7,73,78.9,77.3,69,71.2
E07000064,Rother,78.2,76.8,78.4,75.9,70.8,74.1,71.6,64.8,67.9,69.6,67.7,75.2,73.1,74.7,69.2,78.9,81.3,76.7,76.2,67.7
E07000065,Wealden,77.3,77.3,74,78.2,78.4,78.1,71.3,73.7,74.5,77.8,80.1,75.3,78.4,77.6,78.4,78.8,77.7,82.1,72.6,79
E07000066,Basildon,72.9,76.5,75.2,78.4,72.5,71.5,69.7,72,75.5,70.1,73.5,75,76.3,73.5,72.6,78.2,75.1,78.7,87.5,74.9
E07000067,Braintree,76.1,80,79.3,75.9,70.6,75.9,78.5,76.9,72.8,73.8,74.9,79.7,76.1,85.1,82.8,76.8,85.6,86.2,79.7,75.6
E07000068,Brentwood,77.1,77,72.7,73.3,73.5,82.1,79.6,81.3,76.1,80.2,79.5,80.5,69.3,72.9,71.9,80.3,57.9,76.8,80.8,81.3
E07000069,Castle Point,78,75.8,71.7,73.2,76.1,72.8,72.2,72.5,70.4,76.6,73.1,80.4,72.7,80.5,85.7,80.5,78.5,77.7,72.8,85.2
E07000070,Chelmsford,78.9,76.9,81.1,81,78.1,76.1,75.3,74.2,78.3,79.4,78.5,79,81.3,81,78.6,80.2,81.5,81.2,76.5,83.9
E07000071,Colchester,77.2,75.7,74.2,71.9,75.6,71.3,72.5,74.8,71.8,76.3,71.3,80.6,75.9,79.5,79.2,72.9,71.1,74,76.5,75.5
E07000072,Epping Forest,75.5,77.3,75,73.3,72.6,70.2,68.5,67.7,76.7,78.4,68.8,73.8,75.7,78.6,80.7,80,77.3,80,76.8,78.6
E07000073,Harlow,77.1,78.7,77.9,78.7,77,75.9,72.3,71.5,66.8,72.4,76.8,75,83.5,74.9,77.8,71.2,74.6,75.9,78.6,66.2
E07000074,Maldon,79.1,80.2,77.5,72.1,77.1,74.5,70.6,64.6,71.6,72.6,69.1,74.8,70.8,74.9,73.9,85.9,76.4,77.7,73.3,84.3
E07000075,Rochford,76.1,74.6,76.2,74.9,71,71.7,77.6,76.7,75.7,71.7,79.6,78.3,78.2,80,85.8,84.5,80,84.9,86.2,77
E07000076,Tendring,72.9,69.3,65.4,69.6,71.8,70.2,66.5,65.9,64.1,64.8,66.4,68.7,65.8,70.9,74,67.2,68.8,65.8,62.4,66.6
E07000077,Uttlesford,77.6,80.8,81.5,82.5,79.5,80.9,76.7,78.8,84,85.6,81.7,76.3,80.8,79.4,73.7,83.1,73.6,81.3,80,75.7
E07000078,Cheltenham,77.1,77.6,76.2,80.3,78.1,82.7,72.4,77,74,76.8,74.8,73.8,79.8,84.6,81.2,84.3,77.1,80.6,85.4,82.9
E07000079,Cotswold,79.7,80.3,86.3,82.8,81.4,80.1,71.9,75.9,72.8,76.2,76.7,78.8,81.7,85.5,78,77.7,79.7,82.6,80.5,69.9
E07000080,Forest of Dean,73.3,73.7,73.8,70.6,69.8,67.9,76.4,82.1,75.1,70.2,79.4,80.1,76,73.4,83.9,80.9,80.6,76.1,70.6,84.1
E07000081,Gloucester,75.9,76.1,81.1,80.4,73.4,75.1,76.3,74.8,78.6,76.8,73.3,78.5,80.2,77.3,79.1,83.4,75.4,81.5,77.7,84.6
E07000082,Stroud,77.4,77.1,74.7,79.9,82.3,76.1,77.9,77.7,80.6,82.6,83.3,83.8,89.6,80.9,85.2,83.5,80.6,75.4,84.5,88
E07000083,Tewkesbury,77.8,79.3,79.9,84.8,83.3,71.7,77.5,76.2,77.3,77.5,83.9,84.3,77.2,80.1,85.7,79.3,82.2,73.7,83.1,76.3
E07000084,Basingstoke and Deane,81.3,81.9,83.8,79.7,79.6,75.5,76.6,78,80.4,80.7,79.9,81.7,83,87.7,87.5,83,79.3,79.9,80.7,81.7
E07000085,East Hampshire,80.2,81.4,78.4,74.6,76,76.8,75.5,76.1,82.1,80.4,75.3,74.9,77.1,75.7,82.5,82.5,78.8,83.6,76.5,82.5
E07000086,Eastleigh,82.5,79,73.1,76.9,79.6,82,75.8,73.6,81.7,75,84.7,84.6,82.4,82.1,81.8,77.2,82.7,84,85.5,84.6
E07000087,Fareham,81.5,79.7,77.3,79.6,76.5,78,77.6,79.3,79.8,78.1,82.5,79.3,82.5,82.8,81.6,82.4,78.4,79.1,84.7,86
E07000088,Gosport,75.4,78.8,78.5,83.7,79.9,84.3,70.6,74.6,71.4,69.9,75.9,78.5,75.4,73,72.6,74.9,66.9,61.6,67.6,82.3
E07000089,Hart,80.4,79.5,86.8,83,86,82.7,74.4,78.5,78.2,78.9,78.1,84.1,83.3,89.5,86.5,89,83.1,81.7,82.9,84.6
E07000090,Havant,75.8,76.6,81.8,76.8,71,78.1,77.2,72.5,68.5,70.5,73.8,74.9,74.1,78.9,72.7,72.7,70.8,79.9,68.9,63.5
E07000091,New Forest,79,76.9,75.1,75.6,75.7,74.8,76.8,71,76.1,81.8,78.4,77.8,80.7,80.5,78.4,82.6,77.1,76.4,77.3,82.3
E07000092,Rushmoor,80.3,80.9,83.6,80,77.8,86,77.5,77.3,72,71.5,81,89.2,81.7,82.9,84.2,83.4,76.3,84,77.7,85.6
E07000093,Test Valley,81.1,80.6,82.4,85.8,83.2,77.5,82.5,74.9,74.8,77.7,78.4,80.3,80.5,82.8,82.7,77.5,83.7,81.5,77.7,85.9
E07000094,Winchester,79.5,79.9,81.1,81.1,80.3,74.2,75,75.3,77.1,76.1,85.4,86.2,76.6,83.7,82.1,72.6,72.8,83.2,74.6,81.1
E07000095,Broxbourne,74.9,76.6,79.1,74,78.8,72.6,70.2,78.5,77.1,77.8,81.9,76,72.8,76.1,78.8,75.4,82.7,83.5,78.8,76.1
E07000096,Dacorum,82.7,82.6,80.1,78.6,79.9,71.7,77.5,76.5,73.7,82.4,81.2,82.5,84.9,80.8,81.2,80.3,81.9,79.6,76.6,74.3
E07000098,Hertsmere,75.9,74.4,75.3,74.2,75.6,77.5,74.5,75.5,75.9,72.4,75.9,72.4,84.2,81.1,74.9,81.4,73.6,77.2,70.8,70.7
E07000099,North Hertfordshire,81.1,76.2,73.6,77.1,76.3,74.2,76.5,75.2,71.9,75.8,77.1,82.1,81.3,78.4,77.7,80.8,83.4,82.4,82.9,80.9
E07000102,Three Rivers,76.5,76.6,78.8,78.6,74.9,75.5,70.7,68.1,66.9,71.1,75.5,81.9,77,79.4,73.9,79.3,74.5,79.6,81.6,74.7
E07000103,Watford,77.3,80.6,81.4,76.9,76,77,71.5,77.2,84,82.8,82,87.1,76.7,81.3,79.3,81.8,71.6,75.6,73.1,81.2
E07000105,Ashford,79.4,78.8,74.8,80.5,79.5,78.5,76.9,72.5,74.2,79.2,76.8,75.7,79.1,76.3,79.9,78.8,79.8,73.3,76.2,68.1
E07000106,Canterbury,74.4,73.5,71.9,75.9,72.8,71.1,67.5,65.4,63.5,62.7,69.4,64,65.8,73.6,65.8,69.3,80.3,76.5,69,67.2
E07000107,Dartford,74.1,76.3,76.4,75.5,67.2,78.1,73.5,70.3,75.6,77.1,83.3,73,81.7,90.9,85.3,88.8,83.1,67,81.1,86.4
E07000108,Dover,71.1,72.4,69.3,75.1,75.8,70.9,71.2,69.5,67.9,71.7,64.7,69.4,76.8,75.1,82.1,73,76.1,73.5,72.4,70.9
E07000109,Gravesham,77.4,75.6,79.3,71.9,76,74.1,76.3,65.4,65.7,73.5,73.6,69.3,63,75.4,79.8,80.7,78.7,77.8,81.6,85.6
E07000110,Maidstone,79.4,75,74,73,70.5,75.9,81.1,83.6,76.8,77,76.8,80.9,74.1,77.4,79.5,82.1,80,82.1,82.4,73.8
E07000111,Sevenoaks,75,75.9,75.4,84.1,72.6,76.2,67.6,76.5,78.2,77,72.5,74.6,71.7,73.6,73.5,79.1,73.9,70.2,73.6,74.6
E07000112,Folkestone and Hythe,71.3,75.7,72.8,74.4,75.5,73.7,70.3,75.1,75.9,75,77.1,78.4,77.4,75.7,73.7,82.3,81.8,75.5,81.7,65.9
E07000113,Swale,75.7,77,73.6,69.6,74.2,68.5,70.8,74.3,75.6,71.2,78.2,73.6,76.4,73,66.5,72.1,78.4,74.3,81.1,80.7
E07000114,Thanet,71.9,71.8,67.2,63.6,71,73.3,70.5,59,63.6,61.4,62.6,71.9,75.1,80.2,71.5,71.5,70.2,64,75.1,71.9
E07000115,Tonbridge and Malling,75.6,78,76.6,72.2,73,77.9,74.3,72.8,63.3,73.8,81.3,81.3,77.2,74.8,81.5,84.4,81.7,80.4,75.2,86.3
E07000116,Tunbridge Wells,78.5,79.9,78.3,75.7,74.6,76.5,75.3,78.6,77.8,78.4,72.6,73.1,82,83,74.2,81.1,79.9,77.2,68.4,82.9
E07000117,Burnley,69.4,69.3,68.8,63.2,67.3,65.4,71.8,74.2,68.7,64.7,62.1,71.5,76.3,77.9,73.1,70,71,70.5,71.3,76
E07000118,Chorley,75,76.2,81.5,73.1,75.8,72.4,76.1,78.5,76.4,79,76.6,80.8,74.8,86.6,87.8,77.3,74,74.8,71.8,68.8
E07000119,Fylde,74.6,74.8,74,77.4,74.8,72.6,74.2,83.2,72.5,71.7,79.8,78.7,75.8,74.9,73.1,85,78.2,71.1,78.9,73
E07000120,Hyndburn,69.2,65.9,66.7,61.3,63.8,69.7,71.4,70.7,75.8,65.5,64.2,72.5,73.8,71,79.3,81.3,73.9,68.6,74.7,76.1
E07000121,Lancaster,63.9,71.2,69.4,72.4,68.7,72.8,73.8,74.9,67.7,67.6,66.6,70.6,77.3,78.6,72.3,66.2,76.8,74.8,74.4,71.1
E07000122,Pendle,68.3,68.3,69,69.2,68.1,64.4,72.1,69,67.8,59.5,62.4,74.1,76.3,68.9,67.1,70.8,79,67.2,69.2,53
E07000123,Preston,69.5,65.9,69.3,70.5,67.9,63.7,65.6,67,68.6,71.4,65.5,69,68.5,76.4,75.9,80.9,69.5,66.7,69,80.4
E07000124,Ribble Valley,76,80.5,79,83.1,78.9,75.4,80.9,82.3,80.3,68.8,72.8,85.8,83.7,82.1,72.4,80,75.9,80.8,79.1,79.3
E07000125,Rossendale,75,72.6,71,72.6,64.5,62,59.6,65,78.2,67.5,68.9,72.9,72.9,77.7,77,79.6,81.5,74.2,76.6,74.1
E07000126,South Ribble,78.6,78.4,77.4,77.8,78,74.4,79.8,75.3,73.2,73.5,74.4,78.3,83.4,84.1,81.8,88.8,83.4,76.1,84.7,85.4
E07000127,West Lancashire,72,73.5,69.2,73.1,75.4,69.1,76.2,73.1,71,73.9,69.7,67.5,70.2,65.5,69.8,67.7,69.9,77.2,68.4,77.6
E07000128,Wyre,76.7,75,70.5,77.8,68.6,73.5,72.1,67.2,64,69.7,77,70.5,70.6,77,77.3,78.8,81.8,77.5,70,67.7
E07000129,Blaby,80.5,80.3,85,81.5,83.2,78.7,73.6,75.6,79.1,80,80.9,77.1,87.1,79,81.2,81.4,79.1,75.7,87.5,85.3
E07000130,Charnwood,76.1,79.1,76.7,78.5,79.5,73.7,67.5,72.9,68.6,71.3,75.4,71.8,69,71.1,71.6,78.8,84.4,81.8,78.3,82.2
E07000131,Harborough,81.5,81.4,77.5,77.7,78.3,72.8,71.1,74.6,81.5,74.3,80.7,76.1,76.8,80.6,87.1,85.6,81.8,80.4,80.5,80
E07000132,Hinckley and Bosworth,79.4,81.7,75.8,73.8,75.9,78.5,68.8,65.3,76.7,69.7,73.3,80.6,81.5,78.4,78,87.6,80.8,78.4,77.3,82.3
E07000133,Melton,81.4,78.7,82.6,80,78.3,78,72.2,79.7,79.1,79.6,77.7,78.4,78,80.6,83.3,83.6,79.7,70.2,85.2,78.1
E07000134,North West Leicestershire,77.6,78.7,79.8,76.1,73.1,79,78.8,76.7,73.3,70.5,74.2,81.5,77.1,84.5,71.9,71.5,69.8,78.4,76.8,80.1
E07000135,Oadby and Wigston,74.9,76.2,79.4,78.8,74.5,69.7,73.9,77.2,74.1,73.8,86,74.2,77.7,71,77,76.3,77.3,76.5,78.6,79.8
E07000136,Boston,73.6,73.6,77.6,72.2,79.4,75.7,67.6,63.7,75.4,82,67.7,68.8,73.2,74.4,80.1,78.4,74.6,72.8,74.6,72.2
E07000137,East Lindsey,67.3,69.6,69.6,70.5,73.8,68.6,71.3,77.1,66.9,65.3,71,67.7,71.7,73.2,65.7,66.2,69.2,57.6,61.8,74.3
E07000138,Lincoln,68.5,71.2,75,74.1,65.6,71.4,76.1,66.7,69.1,76.1,76.6,74.2,68.1,68.3,68.1,73.5,65.3,79.6,76.2,75.5
E07000139,North Kesteven,76.9,78.1,76.4,72.9,78.8,80.1,76.1,72.7,73.8,75.9,77,78.4,74.2,82.9,83,80.1,76.5,81.5,79,80.8
E07000140,South Holland,74.5,74.3,75.7,74.6,73.7,74.5,77.8,78.5,66.5,71.9,75,75.2,73,76.3,80.6,78.2,74.5,73.9,83.3,85.8
E07000141,South Kesteven,76.8,77.2,75.7,74.7,74.9,76.9,74.8,77.6,74.5,76.3,78.1,76.1,77,79.3,80.2,79.9,71.1,77.1,72.4,66.2
E07000142,West Lindsey,73.2,73,77.1,78.1,74.6,65.6,68.1,68.1,68,67.9,75.5,78.4,76.1,67.6,74.9,81.8,69.5,73.7,84.7,61.7
E07000143,Breckland,78.9,72.7,80.2,76.2,71.7,75.8,74,74.9,70.3,72.1,78.6,77,75.6,74.1,76.9,77.5,79.5,76.3,76,72.6
E07000144,Broadland,75.6,77.6,76.6,79.9,77.3,80.2,74.3,77.9,80.6,76.3,79.4,78.9,80.4,83.8,82,84.3,80.1,79.7,82.6,79
E07000145,Great Yarmouth,69,66.9,63.3,69.3,63.6,68.1,67.9,67.4,71.2,75.2,74.2,66.6,74.4,67.3,65,72.5,64.9,70.3,65.9,67.9
E07000146,King's Lynn and West Norfolk,74.3,74.6,73.2,68.8,71.7,70,70.9,74.7,69.4,71.6,73.2,76.3,75.5,77.6,70.5,78.3,77.9,74.3,75.6,79.8
E07000147,North Norfolk,71.9,69.8,73.5,74.3,65.7,73,71.5,74.3,75.4,74.2,73,71.1,65.7,80,80.9,73.3,72.9,76.2,80.6,67.5
E07000148,Norwich,70.6,68.3,72.2,69.9,68.8,72.6,70.7,71.8,71.5,70.2,69.4,74.2,77.4,71.1,73.6,72.3,79,84.3,81.5,82.7
E07000149,South Norfolk,75.4,78.7,80.5,80.1,73.2,77.8,72.5,75.1,86.6,78.3,72.8,79.2,86.1,74.9,79.2,83,76.3,74.5,77.7,77.7
E07000163,Craven,79.3,82.3,78.8,79.5,71.6,67.8,80.4,73.5,79.9,75,83.1,77.7,77.6,73,73.1,73.2,82.1,78.6,73.9,77.6
E07000164,Hambleton,80.1,78.1,75.9,73.7,76.9,78.1,79.1,73.8,77.5,75.1,75.5,83.5,84.2,76.4,79.5,80.2,79.8,80.5,79,78.9
E07000165,Harrogate,81.5,81.2,78.6,79.1,78.7,78.5,72.3,69.9,78.2,80,79.7,79.3,85.2,80.9,83.2,86.1,79,78.4,81.3,79.5
E07000166,Richmondshire,75.3,74.5,81.7,75.2,85.6,77.7,76.6,69.5,72.5,81.6,73.3,84.8,76.9,74.4,71.2,75.7,79.3,83.5,81.4,68.7
E07000167,Ryedale,79.2,80.7,73.1,71.5,76.2,83.2,75.2,76.7,74.7,80.9,84.2,79.1,77,83.5,81.3,79.1,69.8,76.8,80,91.1
E07000168,Scarborough,69.6,73.8,69.7,63.1,74.2,68,66.2,76.1,66.6,69,65.2,79.7,80.7,75.8,76,80,71.1,78.6,71.7,73.5
E07000169,Selby,73.1,75.3,69.5,73.3,79.9,66,76.1,73.3,80.3,76.1,73.2,79.8,83.7,78.8,77,71.3,78,75.9,80.9,87
E07000170,Ashfield,73.6,72.3,71.7,70.2,71.1,69.1,68.4,67.9,68.6,68.2,68.3,73.4,73,68.8,69.8,78.2,75.4,82.7,76.4,64.4
E07000171,Bassetlaw,73.8,73.1,69.6,74.2,71.8,70.4,71.6,67.9,73.2,71.3,68.9,67.3,71,73.3,71.4,82.2,75.8,70.1,78.4,77.9
E07000172,Broxtowe,71,77.2,67.4,74.7,73.7,72.7,75,70.5,74.8,68.4,68.1,74.5,87.5,81.1,72.7,77.5,77.2,77.1,67.9,83.3
E07000173,Gedling,73.3,75.1,76.3,76.5,76,75.5,74.2,71.9,77.7,72.8,70.1,71,74.4,75.3,75.6,82.5,75.2,70.7,75.2,75.9
E07000174,Mansfield,70.2,66.4,68.3,71.8,74,64.4,68.1,64.8,64.6,63,82.5,80.3,74.2,73.4,71.8,75.9,68.5,61.5,71.4,71.9
E07000175,Newark and Sherwood,76.1,75.5,75.7,74.9,71.6,75,73.2,73.3,72.7,77,68.1,69.2,76.9,80.2,71.9,73.2,74.7,67.1,79,77.5
E07000176,Rushcliffe,78.1,73.9,82.6,75.7,76.8,77.4,76.9,71.9,72.6,74.1,79.5,78.7,79.3,80.8,78.2,81.2,74.3,81.1,82.4,80.7
E07000177,Cherwell,82,81.3,82.3,79.7,85.5,74,78.8,79.3,82.3,79.3,74,77.3,74.7,82.1,83.9,86,81.3,83.2,75.9,84.7
E07000178,Oxford,69.5,72.4,69.5,66.4,73.5,72.2,69.7,76.1,71.9,74.3,74.1,79.4,76.3,81,79.6,80.7,69.9,68.9,80.8,80.8
E07000179,South Oxfordshire,77.8,80.6,79.8,77.1,77.4,82.3,77.5,79.2,78.8,79.2,80.4,86.3,80.7,76.9,81.3,83.5,85.4,80.4,77,84
E07000180,Vale of White Horse,79.1,83.3,83.9,84.8,83,79.9,79.1,76.5,77.7,79.7,73.1,76.3,82.7,82.3,75.3,80.6,88.9,76.9,85,81.4
E07000181,West Oxfordshire,82.2,84.6,86.4,81,80.3,73.1,77.5,81.2,79.9,78.3,79.4,84.3,84.2,85.3,87.5,87.2,77,77.3,86.3,90.4
E07000187,Mendip,77.2,76.2,75.5,81,78.7,73.6,79.1,75.7,76.7,71.5,76.4,75.8,73.1,71.5,77.3,84.4,81.1,79.2,84.8,79.8
E07000188,Sedgemoor,76.1,77.2,75.4,69.7,74.6,70.4,63.7,69.6,68.9,78.4,74.4,77.9,73.4,69.1,79.2,80.2,73.2,75.4,75.2,77.9
E07000189,South Somerset,77.2,72.4,74.8,78.3,82.3,75.8,76.8,74.8,73.4,79,76.6,80.6,76.9,77.9,82.9,80.6,75.8,72.3,75.2,77
E07000192,Cannock Chase,74.6,74.1,76.1,73.1,68.8,64.8,78.7,70.8,66.3,72.2,73.2,76.2,79.2,81.9,73.5,82.9,83.4,76.2,85,84.8
E07000193,East Staffordshire,73,74.9,73.1,75.5,77.3,76.7,73.3,77.4,76.5,80.5,75.9,76.6,80.6,84.1,85.4,83.7,76.6,80.5,79.5,80.5
E07000194,Lichfield,76.9,77.3,78,76.6,80.3,79.6,74.4,72.2,78.8,73.9,78.8,80.3,76.7,78.7,76.4,76.9,76.7,67.6,83.6,85.3
E07000195,Newcastle-under-Lyme,71.8,72.1,68.4,67.1,73.6,72.8,69.5,65.7,72.7,73.2,71.4,76,79.5,75.8,76.1,72.5,70.2,76,72.4,89.6
E07000196,South Staffordshire,78.3,75.9,75.3,73.8,76.8,79.1,69.9,75.1,72.9,73.3,69,75.3,79.1,77.2,80.2,83.4,72.8,82.3,89.4,81.3
E07000197,Stafford,76.9,74.8,79,80.7,75.7,69.4,69.2,73.8,80.3,78.4,70.2,74.9,74.6,83.9,78.9,74.1,75.6,79.9,77.2,76.5
E07000198,Staffordshire Moorlands,78.5,77.8,75.5,75.4,75,81.3,78.9,69.8,69.9,71.2,77.4,80.8,81.2,74.2,78.5,80.6,83,83.3,80.2,80.9
E07000199,Tamworth,76,75,80.6,71.4,80.1,71,61.4,60.5,66,74.1,69.3,78.1,75.5,77.8,81,82.2,86,71.3,84.5,83.1
E07000200,Babergh,75,75.5,75.6,80.9,81,74.6,70.2,73.2,77,68.4,73.1,73.7,73.2,70.2,78.6,72.7,79,73.8,73.9,69.7
E07000202,Ipswich,79,75.2,78.9,78,77.6,76.3,71.6,73.1,74.4,74.6,74.2,73.4,74.2,76.6,78.1,73.2,73.2,85.3,84.1,85.9
E07000203,Mid Suffolk,78.7,78.7,70.5,80.1,78.6,77.2,79.1,79.5,78.8,80.2,75.6,79.8,74,79.3,77.7,84.2,79.6,79.6,81.6,66.1
E07000207,Elmbridge,76,78.2,74,76.9,77.2,76.4,76.4,72.9,73.3,76.9,77.2,74.9,72.1,73.3,78.6,74.2,76.8,77.3,76.3,76.1
E07000208,Epsom and Ewell,79.9,79.4,75.6,78.5,78.7,73.2,80.7,77.7,78.5,71.1,83.4,80.1,84.7,73,80.8,82.8,86.6,80.5,76.4,91.7
E07000209,Guildford,78.2,79.8,82.3,83.1,80.9,73,77.8,80.3,73.1,68.7,73.5,70.1,72.7,79.1,73.9,83.9,81.9,77.6,81.2,81.5
E07000210,Mole Valley,75.3,78.5,79.8,77.5,76.2,75.3,78.9,72,78.7,81.6,77,77.6,83.9,74.3,78.2,86.9,81.5,79,74,84.5
E07000211,Reigate and Banstead,76.1,75.2,73.8,80.1,79.1,76.9,78,78.5,75.7,80.9,79.4,78.2,84.4,81.3,74,82.9,78.9,81.5,84.1,90
E07000212,Runnymede,79.8,78.3,81.9,83.2,74.1,75.5,71.5,72.3,79.7,79.5,71,73.7,83.6,83.8,72,81.1,83.5,74.5,80.8,82
E07000213,Spelthorne,78,80.9,73.2,75.5,78.1,76.7,72,79.9,82.5,78.2,74.2,82.1,79.9,81.9,86.9,82.6,79.2,77.7,79.9,74.3
E07000214,Surrey Heath,80.6,80.1,86.5,83.1,85.9,75.5,78.6,76.8,74.5,78.6,81.7,74.4,80.4,75.5,80,80.9,82.7,91.4,75,84.9
E07000215,Tandridge,79.6,76.5,81.2,73.8,80,79.4,82.2,71.9,74.7,83.5,71.6,80.4,82.9,79,78.9,77.5,77.2,94.1,72.4,79.4
E07000216,Waverley,78.9,78.3,78,72.6,73.4,75.8,77,78.6,77.8,72.9,71.3,74.8,82.4,80.6,82,83.3,83.2,75.7,77.6,80.6
E07000217,Woking,80.7,76.7,77.4,75.9,78.4,78.4,74.3,76,82.6,79.8,75.1,79,85.8,83.6,86.2,84.8,79.8,75.1,84,83.4
E07000218,North Warwickshire,75.2,78,80.4,78.3,77.6,73.5,73.5,72.3,62.9,73.8,75.8,78.6,82.3,85.3,79.9,80,75.8,84.7,79.4,74.5
E07000219,Nuneaton and Bedworth,71.2,73.8,74,75.4,75.4,73.3,70.7,70.8,74.1,76.5,71.1,69.4,64.4,72.8,79,77.7,79.2,82.5,78.8,80.4
E07000220,Rugby,78.1,78.2,78.1,82.1,78,71.7,71.3,67.7,82.3,77.3,79.5,84.1,80.5,84.6,81.6,83.3,79.3,79.1,83.9,85.6
E07000221,Stratford-on-Avon,79.4,79,80.6,80.1,79.2,79.8,78.8,73.8,74,76.1,77.9,81.8,79.9,77.4,76.3,84.5,82,77.1,81,85.3
E07000222,Warwick,73.8,75.4,73.6,72.4,76.4,71.1,70.1,76.8,79.2,76.9,79.4,80.5,77.4,81.1,86.1,78.8,80.3,79.7,82.5,75.5
E07000223,Adur,79.3,77,79.7,81.8,77.4,74.8,74.8,73.8,82,78.9,74.4,77.1,75.1,73.4,80.1,90.4,83.7,82.7,77.5,77.6
E07000224,Arun,73.3,73,72.5,77.6,78.3,69.2,71.3,71.1,79.5,84.1,82.1,73.6,75.4,74.5,75.5,75.9,77.7,79.6,81.8,81.2
E07000225,Chichester,74.8,76.6,73.8,72.4,77.9,75.9,79.4,73.1,78.4,79.5,81.9,81,77.4,81.5,82.1,85.2,73.1,71.2,63.1,65.5
E07000226,Crawley,75.1,76.4,79.5,78.6,77.6,73.4,75.4,77.9,74.1,72.1,76.4,80.4,82.9,88.2,72.8,79.8,81.8,84.9,79.5,78.6
E07000227,Horsham,81.5,80.4,76.2,79.6,79.6,77.5,77.3,79.1,79.6,84,78.6,81.6,83.6,80.6,76,82.4,78.3,74.3,90.1,78
E07000228,Mid Sussex,77.9,81.5,78.3,80.3,81.3,81.1,82.3,79.5,80.1,85.2,79.5,80.7,78.1,79.9,84.7,84,79.8,82.3,82.7,78.7
E07000229,Worthing,81.8,78.9,77.3,74.5,74.6,74.2,76.9,78,73.3,68.1,73.2,76,79.5,83.9,86.2,80.9,79.9,76.1,76.5,82.3
E07000234,Bromsgrove,77.1,78.9,86.4,83,80.8,80.5,75.4,71.2,78.5,82.2,78.4,75.3,77.5,80.3,74.9,80.2,80.7,82.6,78,85.9
E07000235,Malvern Hills,75.8,73,81.5,71.7,74.6,78.2,71.8,65.6,76.3,80,81.2,75.1,69.6,69.1,72.6,71.8,73.8,74.4,74,84.6
E07000236,Redditch,77.2,74.2,77.8,79.8,69.2,72.2,72.3,72.7,82.3,76.9,76.6,71.8,74.7,80.7,82.5,81.5,78.9,75.3,78.8,81.8
E07000237,Worcester,75.4,80.1,75.3,76.5,78.1,77.1,74.2,69.3,70.3,73.3,81.7,81.2,78.1,78.5,80.8,80.2,73.5,83.4,77.2,78.4
E07000238,Wychavon,77.1,80.6,79.9,76.1,80.1,77.1,78.8,78.3,75.6,73.7,79.6,79.5,81.3,75.1,81.5,78.3,79.2,81.3,82.7,76.6
E07000239,Wyre Forest,71.9,72.7,70.4,67.4,74.3,68.8,71.9,74.3,73.8,73.6,72,71.8,72.4,76.2,82.1,74.3,80.1,73.2,71.1,81.5
E07000240,St Albans,81.2,80.6,78.4,74.9,77.6,76.5,73.3,78.7,76.8,78.3,79.7,82,73.2,79.6,77.7,74.4,80.3,82.9,84.8,85
E07000241,Welwyn Hatfield,72.7,77.9,74.8,67.6,77,74.9,71.3,67.5,74,74,70.1,72,81.2,81.8,78.6,82.5,81.5,79.9,75.6,79.8
E07000242,East Hertfordshire,80.8,79.2,72.3,75.9,80.2,76.8,79.5,74.3,81.8,81,79.3,86.3,79.1,79.1,77.6,75.6,76.2,81,84.8,79.5
E07000243,Stevenage,81.6,79.9,73.9,81.2,80,75.8,80,72.3,83.3,77,73.9,80.6,74.7,74.7,84.7,80.7,83.2,67.8,80.7,71.9
E07000244,East Suffolk,75,75.5,74.2,71.5,73.5,74.8,73.3,76.7,73.7,73.2,72.4,76,77.6,76.8,77.8,78.7,73.1,75.7,82.1,79.1
E07000245,West Suffolk,78.4,80.7,76.3,79.4,81.9,76.4,75.2,77.2,82.2,81,81.8,79.7,82.2,81.4,80,81.3,81.1,76,76.2,77.3
E07000246,Somerset West and Taunton,76.4,77.4,71.8,74.5,76.2,74.4,73.8,78.2,79.1,76.4,78.5,77.8,79.3,83,77.8,77.3,79.5,79.8,77.3,81
E08000001,Bolton,73,69.4,70.2,71,68.7,69.9,64.8,66.9,65.7,66.2,68.2,70.5,71.2,70.8,69.8,68.9,68.8,68.5,69.3,65.6
E08000002,Bury,74.8,76.3,71,73.1,71.5,68.5,70.8,71.4,75.1,74,72,71.5,72.4,73.3,72,74,74,75,79.3,73.2
E08000003,Manchester,59.3,60,64.9,63.2,59.2,59.7,59.8,58.6,59.7,61.6,62.3,62.8,63.4,67.4,69.4,66.8,67,69.1,67.8,71.4
E08000004,Oldham,69.9,73.2,68,67,64.8,65.4,67.1,64.7,64.7,66.3,63.7,64.8,68.6,67.3,67.5,70.5,70.7,64.7,73.7,76.4
E08000005,Rochdale,69.6,70.8,70.9,67.7,69,65.6,65.3,62.9,62.5,62.8,63.6,64.6,62.5,67.5,71.1,70.2,69.9,65.7,67.2,69.9
E08000006,Salford,66.5,68.5,70.5,71.3,68.1,63.8,65.3,65.7,67.6,64.8,70.3,69.7,69.5,74.7,76.2,76.6,74.7,72.4,69.7,71.3
E08000007,Stockport,79.3,77.7,78.2,77,74.2,72.8,74.5,72,74.1,75.7,76.9,77.7,78.6,77.1,80.5,76.7,76.3,74.8,78.6,75.2
E08000008,Tameside,73.9,70,71.5,71.2,69.7,70.3,67.3,66.2,67.3,68.2,69.1,70.9,70.3,72.3,73.6,75,72.7,74.5,75.6,73.2
E08000009,Trafford,73.6,73.9,77.2,74.7,75.4,71,71.6,71.9,71.3,72.8,75,78.9,79.8,77.8,76.8,78.6,77.9,76.1,73.7,75
E08000010,Wigan,72.9,71.5,70.4,68.4,73.3,70,70.9,70.8,70.5,70.2,74.7,77.1,75.4,76.2,74.6,77.2,77.1,77.1,76,70
E08000011,Knowsley,64.4,66,65.9,64.4,63.8,63.3,62.1,64.6,62.1,65,65.1,68.8,70.4,70.3,69.9,75.6,75.6,74.8,75.8,69.4
E08000012,Liverpool,60.3,60.9,62.6,63.4,59.5,59.6,60.4,59.7,60.3,61,59.2,60.5,64.3,67,68.2,67.3,71.5,73,70,67.5
E08000013,St. Helens,68.1,69.4,68.2,67.1,63.9,66.7,69.4,65.6,69,70.9,66.4,69.4,71.3,70,72.7,74.5,76,75.2,73.6,74.4
E08000014,Sefton,72,70,68.9,69.1,70.8,70.4,70.4,67.5,70.1,71.7,70.4,73.3,70.1,70,75,74.8,74.7,75.3,74.3,79.9
E08000015,Wirral,70.9,69.3,68.2,69.5,67.2,65.6,66,68.2,70,69.6,67.8,69.7,69.8,72.5,74.5,76.8,70.5,71.1,76.9,74.2
E08000016,Barnsley,69.8,68.4,66.5,67.9,65.6,64.4,65.5,66.2,68.1,71.1,72.6,72.8,70.9,70.8,71.1,73.9,69.8,71,74,69.7
E08000017,Doncaster,68.8,69.5,68.4,70.8,68.4,64.8,67.7,64.4,65.9,66.4,69.5,70.3,71.7,72.8,72.8,71.7,72,68.9,74,74.5
E08000018,Rotherham,72.9,72.6,69.6,70.2,68.5,65.5,68.1,65.1,67.8,65.8,67.5,72,66.5,73.7,73.3,71,77.2,72.4,73.2,67.1
E08000019,Sheffield,67.2,69.4,66.6,68.9,68.8,66.1,66.2,65.3,65.5,69.7,69.9,70.2,67.5,70.7,73,74,70.5,74.6,72.8,73.1
E08000021,Newcastle upon Tyne,65.6,67.2,64.4,65.4,64.6,59.6,63.5,60.8,62.4,59.1,64.7,65.1,67.8,66.7,68.4,67.2,71.3,69.7,67.7,74.3
E08000022,North Tyneside,73.2,73.2,73.6,73.4,71.9,71.5,73.4,71,69,68.7,73.6,75.9,76.4,76,74.2,78,76.7,71.9,74.9,73.1
E08000023,South Tyneside,62.7,65.3,63.8,67,66.3,63.4,64.2,64.4,64.8,66.9,69.1,70,68.7,68.7,69.4,68.4,66.4,71.2,62,65
E08000024,Sunderland,66.8,67.5,67.7,69.1,68.5,66.9,63.8,60.8,66.6,63.6,65,65.7,69.2,71,70,69.3,70.3,68.8,71,72.4
E08000025,Birmingham,65,63.6,62.5,62.7,61,59.6,59.3,57.7,56.9,59,61.9,61.4,63.3,63.5,65.3,65.2,65.4,64.6,66.3,65.9
E08000026,Coventry,70.7,70.1,70.3,71.4,66.8,67.1,66.4,62.9,64.9,66.7,64.3,64.3,68.9,70.3,71.6,73,71.4,71.5,72.1,71.9
E08000027,Dudley,72.9,75.1,71.6,72.5,69.7,68.2,69.7,71.4,71.8,70.3,72.9,69.8,68.9,71.7,69.1,72.6,71.7,78.4,77.9,79.7
E08000028,Sandwell,64.6,64.7,65.3,64.3,61.6,59.7,60,64.3,65.4,64.8,63.1,66.9,61.3,64.3,69,70.7,71.1,72.7,63.9,69.8
E08000029,Solihull,75.5,75.2,77,73.5,72.2,66.3,68.2,71.4,72.2,72.1,72.1,72.5,73.8,77.1,76.5,76.5,78,77.4,77.9,77.6
E08000030,Walsall,68.1,67.4,64.7,69.2,68.5,64.3,62.2,65.2,63.8,61.4,66.9,64.4,66.4,71.6,70.4,70.6,72.5,70,71.6,73.5
E08000031,Wolverhampton,66.8,68.4,67.4,63.7,61.7,61.8,60.2,61.3,63.4,62.8,63.3,64.4,64.1,65.8,65.9,67.2,72.8,70.8,66,70.3
E08000032,Bradford,67.6,68.9,68.5,66.8,68.3,66.9,61.6,61.3,64.2,66.3,65.3,65.4,67.3,67.9,65.8,66.3,70,71.2,70.5,69.7
E08000033,Calderdale,72.5,72.7,73.7,72,72.9,69.7,68.8,70.3,71.2,72,76.7,75.9,74.7,76.2,77,72.1,72.8,74.4,72.8,77.1
E08000034,Kirklees,73.3,74.4,73.2,73.5,72.1,69.5,69.2,67.5,68.1,68.6,69.2,70.3,69.9,70.7,71.1,73,71.6,72.7,70.3,74.1
E08000035,Leeds,73.4,72.1,76,73.2,71.5,69.7,69.2,67.8,68.6,68.2,68.9,74.9,74,76.6,75,74.6,80.2,72.7,77.3,74.7
E08000036,Wakefield,75.3,73.3,73.9,70.9,72.3,70.7,70,68.1,69.6,70.6,71.4,70,73.2,74.4,73.9,75.4,74.8,75.4,72.8,73.9
E08000037,Gateshead,69.6,69,69.6,69.8,70.6,69.3,66.8,65.9,65.9,67.8,70.3,73.2,73.2,73.4,74.4,73.1,75.3,71.4,70.6,76.3
E09000001,City of London,,77.7,,,87.1,,,,,,,,,,,,,,,
E09000002,Barking and Dagenham,61.4,62.3,62.2,66,64.7,62.4,62.5,62,61.9,64.2,63.7,66,67.2,68.2,68.9,69.8,67.2,65.6,71.9,72.2
E09000003,Barnet,70.5,69.8,68.7,69.3,67.3,67,70.4,69.2,66.5,72.3,70.4,68.8,69.9,74.6,72.1,73.9,74.6,70,70.9,67.8
E09000004,Bexley,76.2,76.4,75.2,73.9,72.1,69.4,70.4,70.9,73.6,73.2,75.4,75.2,78.2,75.4,76.4,75.6,77.5,73.5,83.4,73.9
E09000005,Brent,64.3,65.3,63.9,68.4,70.5,68.8,64.2,60.6,66.6,67.1,68.2,69.5,69.3,68.8,71.5,72.8,71.2,69.8,69.3,67.6
E09000006,Bromley,76.8,80,75.8,79.5,78.1,75.6,72.7,73.7,74.4,75.7,75.1,75.6,77.4,78.1,77.3,79.3,77.7,79.9,81.8,78.3
E09000007,Camden,67.8,64.4,66,67.1,67.7,65.2,66.2,61.4,65,63.6,66.6,69.2,69.5,66.5,72.6,70.2,69.8,71.9,70.2,71.5
E09000008,Croydon,73.4,73.1,72.4,72.6,74.3,71.8,72,66,71.7,73.4,73.1,75.4,77,74,76.3,76.1,76,73.9,76,76.9
E09000009,Ealing,69.7,67,69.4,67.9,68.8,64.4,67.3,68,66.4,65.4,68.3,73,73.7,75.8,73.4,73,76,75.6,74.7,79.4
E09000010,Enfield,69.4,66.7,71.1,65.7,66.2,60.9,63.2,64.8,64.2,66.8,69,73,70.5,68.6,69.6,65.9,68.1,70.4,70.2,67.9
E09000011,Greenwich,67.4,67.5,67.7,67.8,66.2,63.5,66.7,67.7,69.4,64.4,67,72.5,73.1,73.3,71.1,76.8,75.2,75.5,76.2,83.2
E09000012,Hackney,56.1,53.3,58.3,62.1,65.9,68.2,68,67,63.4,62.6,68.3,69,69,72.9,70,72.4,73.9,81.2,73.2,81.5
E09000013,Hammersmith and Fulham,67.2,70.2,69.3,70.2,69.3,67,65.8,66.7,68.8,70.8,76.1,77,76.2,76,76.9,75.8,78.2,77,76.6,75.8
E09000014,Haringey,57.6,66.5,67,64.7,62.5,59.8,62,65.7,66.4,68.4,68.2,71.5,73.1,67.9,73.6,76.9,73.8,76.5,78,74.9
E09000015,Harrow,70.2,70.9,71.6,73.4,68.6,71.4,72.3,73.4,71.3,67.9,72.7,73.9,71.9,78.9,78,68.6,72,75.4,76.8,73.4
E09000016,Havering,75.6,73.2,74,76.6,76.8,71.2,68.5,73.9,69.1,70.7,75.7,76.4,79.3,76.4,78.9,75.2,78.4,81.1,85.4,81.6
E09000017,Hillingdon,74.7,69.3,70.6,65.2,71.9,72.3,67,69.5,69.8,70.6,71.9,73.4,75.8,74.2,75.2,72.4,75.4,74,70.3,68.2
E09000018,Hounslow,69.3,72.8,71.8,69.7,70.8,70.4,71.5,72.4,72.3,74.1,73.9,74.2,73.4,74.8,76.7,71.8,75.5,75.3,73.5,81.2
E09000019,Islington,62.7,63.4,66.4,68.4,68.9,65.3,66.5,68,65.9,68.5,68.9,72.9,69.9,76.9,76.2,77.1,74.7,75.1,77.6,79.3
E09000020,Kensington and Chelsea,64,65.6,62,66.3,65.1,62.8,63.5,62.6,65.3,65.5,69.1,68,66.6,67.8,59.2,65.9,72.4,63.3,69.8,60.6
E09000021,Kingston upon Thames,73.9,72.5,74.2,72.7,71.8,74.1,70.3,67.9,70.5,73.9,75.1,74.2,73.5,75.9,72,78.2,77,80.7,82.3,80.1
E09000022,Lambeth,67,65.8,64.1,67.8,68.3,72.5,72.7,72.4,70.7,78,80,78.5,80.6,80.7,76.4,78.2,78.5,80.8,83.5,74.7
E09000023,Lewisham,69.7,70.8,70,66.7,70.5,69.4,64.1,67.7,67.5,71.3,74.8,75.8,74.8,83.1,78.8,79.9,81.4,75.4,83,74
E09000024,Merton,75.8,70.2,73.4,77.8,77.5,73.2,71.9,71.3,73,76.1,74.7,78.8,77.6,79.6,81.9,80.3,79.1,78.7,83.8,72.9
E09000025,Newham,55.1,55.8,56.9,57.3,59.7,55.5,54.8,54.4,60.1,62,60.6,66.2,71,68.7,68.7,71.1,73.5,73.4,76.1,71.1
E09000026,Redbridge,74.1,64.8,67.5,66.1,65.7,66.9,64.4,63,65.7,67.2,69.6,68.6,72.6,70.4,69,70.2,74.2,65.8,72.3,69
E09000027,Richmond upon Thames,71,76.2,75.7,77.1,75.8,74.1,74.7,74.5,75.5,77.1,78.1,79.5,79.5,74.1,77.8,81.3,79.6,74.6,75.1,78.5
E09000028,Southwark,65.4,63.5,64.5,64.9,66.8,65.7,68.7,63.3,68.8,64.9,72,74.3,75.5,78.9,77.3,78.1,80.1,76.8,75.2,76.5
E09000029,Sutton,74,79.3,77.7,75.2,76.5,77.2,75.5,73.3,74.8,77.9,78.1,78.1,79.5,79.1,80.1,78.5,77.8,78.4,79.2,81.3
E09000030,Tower Hamlets,53.2,57.3,53.1,55.5,61.2,59.5,61.1,60,61.4,63.2,68.5,70.5,69.3,62.1,72.9,71.4,72.8,72.8,72.8,66.2
E09000031,Waltham Forest,62.1,66.3,66.9,66.5,64.2,65.2,63.9,67.8,67.7,70.8,68.3,73.2,74.8,78,78.2,74.4,70.1,76.3,69.6,73.7
E09000032,Wandsworth,75.7,72.8,71.3,73.9,76.6,77.6,72.5,75.5,74.5,74.3,79.4,78.5,80.2,79.8,80.6,80.5,84.2,79.8,89.2,83.9
E09000033,Westminster,63.4,63.3,62,62.9,62.5,66.6,61.8,62.9,64.4,66.7,66.5,65.6,67.6,66,68.2,71.3,66.6,72,70.4,70.2
S12000005,Clackmannanshire,69.7,70.5,70.3,67.3,69.8,69.7,76.1,65.9,65.7,66.2,66.5,72,68.1,72.6,74.6,74.4,72.8,72.2,67.2,67.3
S12000006,Dumfries and Galloway,75.6,76,76.9,74.3,73.7,74.5,72.6,69.1,67.2,70.2,71.9,75.4,74.8,76.9,72,75.1,68.1,70.9,67.3,67.8
S12000008,East Ayrshire,68.8,67.8,70.5,70.4,71.9,67.3,70.3,66.8,67.2,68.3,69.2,69.6,66.3,71.1,68.8,74.3,73.1,75.3,71.3,71.2
S12000010,East Lothian,74,76.7,77.3,76.7,75.4,75,71.3,72.5,74.8,76.2,73.9,75.2,72.8,77.2,80.8,78.9,75.3,79.5,76.2,78.6
S12000011,East Renfrewshire,77.3,77,76.4,75.2,75,72.8,71.8,73.1,72.5,74.1,74.5,74.3,77.3,75.4,73.6,73.4,73.6,69.8,76.9,77.5
S12000013,Na h-Eileanan Siar,77.8,79,77.8,77.9,77.4,71.2,68.7,63.5,71.4,72.2,77.4,77.9,78,81.1,79,82.3,81,80.5,84.1,77.8
S12000014,Falkirk,74.4,73.8,75.7,75.8,76.7,72.8,71.9,72.1,73.1,73.6,72.9,74.3,76.5,75.4,75.8,74.1,75.1,76.7,76,72.8
S12000017,Highland,81,79.3,78.2,79.5,79.2,81.8,79.2,78.3,76.6,73.9,77.1,81,77.1,81,81.2,78.7,77.8,71.7,71.5,76
S12000018,Inverclyde,67,68.6,70.4,67,70.5,66.8,70.6,67.4,65.3,69.3,69.4,67.5,70.2,72.7,73.8,68.3,68.2,75.1,76.3,68.4
S12000019,Midlothian,78,77.4,78.9,78.7,77.9,75.5,73,74.5,75.4,72.4,75.2,75.1,76.4,79.5,79.3,80.4,77.1,80.9,79.4,85.3
S12000020,Moray,75.7,75,76.7,78,79.6,77.8,79.9,78.5,77.6,78.8,77.1,73.4,75.5,74.5,72.8,75,75.1,72.8,76.6,71.9
S12000021,North Ayrshire,65.2,69.6,68.6,69.3,69.1,65,63.4,61,61.8,60,70.3,63.8,64.2,68.1,70.3,70.5,67.7,64.7,73.6,70.3
S12000023,Orkney Islands,83.4,82.8,81.2,83.7,81.9,85.1,79.6,79.3,81.3,81.3,89.2,86.8,86.1,88.3,87.5,87.1,83.3,72.9,87.5,88.3
S12000026,Scottish Borders,77.5,76.2,77.2,78.8,78,74.9,70.8,73.1,72.5,74.9,78.1,76.1,73.9,74.4,74.3,76.2,79.3,68.3,79.4,74.8
S12000027,Shetland Islands,85.1,83.6,82.7,86.4,86.1,84.8,85.5,81.1,79.7,83.1,80.8,87.4,86.5,82.7,81.7,77.6,74.6,73.7,76.1,84.3
S12000028,South Ayrshire,71.8,71.4,71.8,74.3,72.5,70.6,67.3,66,69.9,71.8,71.6,73.4,71.6,73.6,69.9,73.9,71.7,68.3,67.4,65.2
S12000029,South Lanarkshire,73.1,72.3,74.5,76.7,73.9,71.8,71.4,72.1,75.1,71.5,73.8,76.1,75.1,74.7,76.4,76.6,76.9,77.7,79.8,77.1
S12000030,Stirling,74.5,73.6,73.5,74.9,74.1,73.2,70.1,71,67.4,71.6,75.4,70.3,73.1,73,71.9,73,74.6,73.4,76.4,79.4
S12000033,Aberdeen City,74.3,77.3,79.8,77.7,77.9,78.3,78.4,75,77,76.4,75.1,76.7,70.4,76.3,74,79.1,71.6,76.9,71.2,74.7
S12000034,Aberdeenshire,77.7,78.3,79.4,80.5,80.2,80.4,81.1,79.5,80,78.7,80.9,80.6,78,82.2,80.4,80.8,79.6,74.1,78.1,84.1
S12000035,Argyll and Bute,75.3,75.5,78.9,77.2,75.6,73.3,72.4,70.6,70.1,74.8,76.8,75.4,78.3,75.6,76.5,74.6,75.6,74.5,74.7,67.8
S12000036,City of Edinburgh,74.1,75,74.9,75.2,74.5,72.1,69.8,71,72.2,71,73.9,72.7,71.7,75.6,77,75.1,74.1,78.5,79.2,82.1
S12000038,Renfrewshire,72.6,72.6,74.7,72.7,73.2,71.8,68.7,66.9,71.6,71.6,72.2,73.8,75.3,76.1,75.2,76.9,77.1,75.1,71.3,76.8
S12000039,West Dunbartonshire,69.3,69,71.3,71.7,69.8,67.8,67,68.4,67,65.3,67.1,68.8,71.1,72,72.2,73.9,72.8,70.4,75.8,71.9
S12000040,West Lothian,77,74.9,76.9,75.2,76.7,72.7,73.4,72.4,74.2,73.2,77.3,73.2,75.5,78,76.1,77.8,74.5,73.8,76.9,74.4
S12000041,Angus,74,75.2,77.9,76.7,77.1,74.3,73,71.6,74.3,73.9,71.6,73.7,78.2,74.5,76,75.7,72.3,74.3,74.6,71.6
S12000042,Dundee City,66,69.6,69.9,69.8,69.3,68.2,69.4,66.3,64.8,61.1,62,63.7,66.5,65.5,67,68.6,71.8,71,68.8,63.7
S12000045,East Dunbartonshire,78.4,77.9,78.7,76.6,75.2,74.7,74,73.5,73,76.8,72.7,74.8,75.7,74.8,77.7,77.5,75.9,72.4,76.3,73.5
S12000047,Fife,75.1,74.1,73.5,73.6,74.1,71.2,71.5,70.7,69.8,69.5,74,73.2,72.3,74.8,75.2,73.7,70.5,68.4,74.7,75.5
S12000048,Perth and Kinross,75.7,75.4,77.3,75.6,76.3,75.3,73.8,74.7,74.7,75.5,76.3,78.8,77,76.8,77.9,83.4,75.5,78,76,76.8
S12000049,Glasgow City,62.7,64.1,62.7,64.6,64.8,61.8,61.4,63,58.6,62.5,64.2,66.8,67.5,65.9,64.3,67.3,69.8,69.7,72.1,71.2
S12000050,North Lanarkshire,69.1,69.2,71.7,71.7,69.2,72.3,68.9,68.4,69.6,70.1,71,71.3,75.2,73.9,74.7,74.3,69.7,68.5,68,70.5
W06000001,Isle of Anglesey,68.6,68.7,67.1,68.3,66.7,67.9,69.8,70.3,72.7,70,72.2,73.9,70.7,75.5,75.7,77.1,75.2,69.7,76.9,77.3
W06000002,Gwynedd,71.2,71.3,70.8,71,69,67.8,69.5,67.3,70,70.5,69.4,69.2,73.1,74.9,74.4,72.2,73.9,70.5,76.9,74.6
W06000003,Conwy,71.1,72.2,70.7,73.1,70.8,69.7,68.7,69.1,71.6,71.4,70.6,70.3,73.6,73.4,72.2,74.8,74.6,73,76.8,75.9
W06000004,Denbighshire,73.4,73.9,70,69.1,68,67.5,67.5,70.2,68.9,70.2,70.8,70.2,72.1,73.8,74.2,72.5,68.5,70,71.2,73.4
W06000005,Flintshire,77.5,75,76.8,73.9,75.9,73.8,71.8,73,72.7,72.5,71.2,73.5,72.6,76.1,77.3,79.4,79.1,78.4,77.8,78.5
W06000006,Wrexham,72.5,73.7,73.5,74.2,74.4,74,72.8,72.5,72.5,74.1,71.9,75.8,75.2,78,78.6,75.1,72.5,74.6,71.8,80.4
W06000008,Ceredigion,67.4,66.5,63.2,61.7,64.4,65.4,70.4,61.5,59.5,62,64.2,64,65.9,67.2,69.6,65.1,72,73.5,73.2,70.1
W06000009,Pembrokeshire,68,69,69.7,71.3,70,69.3,65.9,67.9,69.6,69.5,71.6,72.6,73.5,72.5,72.6,74.7,73.9,74,73.7,73.6
W06000010,Carmarthenshire,65.9,68.5,67.2,68.6,69.6,65.8,66.3,68.2,68.2,67.5,68,71.1,73,74.9,72.2,71.8,69.5,68.7,72.3,73.8
W06000011,Swansea,70.8,69,68.8,69.7,65.9,64.8,61.3,63.2,63.9,64.9,68.6,68.4,69.3,66.9,66.5,69.8,71.1,71.8,76.1,72.7
W06000012,Neath Port Talbot,62.3,63.2,63.9,63.4,65.5,61,62.1,60.9,65.9,66.5,68.3,65.5,69.1,67.9,71.1,73.5,70.7,72.7,69.6,73.8
W06000013,Bridgend,71.6,67.6,68.1,68.3,68.2,66.3,68.7,70.2,68.5,71.9,69.8,71.9,71.7,70.1,70.9,74.1,74.2,72.3,71.9,67.1
W06000014,Vale of Glamorgan,71.8,71.6,73.5,73.6,71.8,72,70.2,70.6,68.6,71.8,71.8,73.4,73.1,75.2,78.5,76.4,72.9,77.5,79.1,77.5
W06000015,Cardiff,70.5,68.6,67.4,68.3,69.9,67.9,65.5,66.3,64.1,68.3,67.7,67.8,67.5,69.8,73.9,76,73.3,75.2,70.8,74.6
W06000016,Rhondda Cynon Taf,66.8,66.3,67,66.6,66.4,62.4,62.3,62.5,63.1,65.8,68.3,69.8,69.4,70.6,71.8,67.9,67.7,71.9,70.1,69.1
W06000018,Caerphilly,62.7,65,68.3,65.2,63.3,62.8,62.3,63.1,65.9,69.9,66.1,67.8,71,70,70.9,70,73.1,72.1,71.9,75.9
W06000019,Blaenau Gwent,62.5,61.5,63,64,62.4,58.4,61.1,57.7,59.4,61.7,65.5,65,64.7,68.4,70.9,68.7,71,70.1,73.8,69.4
W06000020,Torfaen,68.7,65.8,67.9,66.6,64.8,61.6,66,65.7,63.8,66.4,68.6,71.3,75,75.7,70.5,71.5,72,69.8,73.3,76.4
W06000021,Monmouthshire,74.6,76.6,75.9,74.2,74.1,71.6,70.7,72.4,73.9,74.3,74.1,78,76.4,77.7,78,77.6,79.4,77.8,77.9,76.2
W06000022,Newport,67.7,71.5,71.1,71,66.8,65.5,67.2,66.9,69.4,67.9,69.8,69,71,75.5,74.6,73.8,75.4,72.4,72.9,72.7
W06000023,Powys,73.2,74.5,75.2,74,73.9,69.6,70.8,72.1,73.2,75.8,78,76.7,78.1,80,77.9,76.1,76.2,75.9,73.1,75.1
W06000024,Merthyr Tydfil,60.1,60.7,61.4,64.2,66.2,62.6,65.3,59,64.9,63.6,68.7,65.9,68.8,71.4,72.6,71.2,64.8,68.3,70.1,73.9
